scenario,atoms,ranks,mesh,scenario_scale,compute_to_communication_ratio,communication_to_compute_ratio,expected_compute_cycles,expected_communication_cycles,expected_cycles,booksim_measured_cycles,booksim_relative_error,theoretical_compute_ops_lower,theoretical_compute_ops_upper,theoretical_critical_rank_ops_lower,theoretical_critical_rank_ops_upper,theoretical_communication_bytes_lower,theoretical_communication_bytes_upper,measured_retired_instructions_per_step,measured_retired_instructions_per_rank_average,measured_retired_instructions_per_rank_maximum,measured_hardware_cycles_per_step_sum,measured_hardware_cycles_per_rank_maximum,measured_critical_wall_seconds_per_step,measured_critical_wall_cycles_nominal_per_step,measured_dp_ops_per_step_optional,compute_profile_steps,compute_profile_repeats,compute_profile_calibration,compute_profile_host_logical_cpus,compute_profile_oversubscribed,compute_profile_cpu_frequency,booksim_average_packet_queue_cycles,booksim_average_flit_queue_cycles,booksim_average_injection_rate,booksim_injection_saturation_ratio,booksim_saturated_injection_rate,booksim_aggregate_communication_to_compute_ratio,input_file,plan_file,profile_method,compile_status,replay_status,theoretical_critical_ops_relative_to_smallest_rank,measured_total_instructions_relative_to_smallest_rank,measured_max_rank_instructions_relative_to_smallest_rank
lialocl_1344_16r,1344,16,4x4,1344 atoms / 16 ranks (4x4),0.6576841165155263,1.520486773039459,38293,58224,96517,96524,7.252608348788296e-05,3604230.721444602,7310294.025375503,235991.29723744423,478650.20404244366,1002240.0,1670400.0,56517271.40000001,3532329.462500001,4463208.55,19619931.400000002,1295891.8,0.0005110754099999998,1328796.0659999996,5820365.28,100,1,none,240,False,"{'source': 'sysfs_cpufreq', 'nominal_ghz': 2.6, 'minimum_ghz': 0.8, 'maximum_ghz': 4.0}",0.0,1368.37,0.245302,0.245302,1.0,1.25793,/mlx_devbox/users/liuyicheng.1/playground/dpmd/experiments/scaling/cases/1344a_16r/in.lammps,/mlx_devbox/users/liuyicheng.1/playground/dpmd/experiments/scaling/cases/1344a_16r/wse_plan.json,median of repeated perf [run(N)-run(0)]/N; retired instructions are measured directly and wall-cycle bounds equal elapsed wall time times declared CPU frequency bounds,WSE compile PASS: messages=256 stages=4 wavefronts=24 cycles=96517,WSE BookSim acceptance: PASS compiler=96517 measured=96524 error=0.0073% wavefronts=24/24 branches=192/192 congestion=0.0000% queue=0.000cyc sat_injection=100.0000% comm/compute=1.25793,1.0,1.0,1.0
lialocl_1344_64r,1344,64,8x8,1344 atoms / 64 ranks (8x8),0.19016988965366546,5.2584560143626575,13925,73224,87149,87156,8.03222067952587e-05,3604230.721444603,7310294.025375502,85815.01717725245,174054.6196517977,3194112.0,5323520.0,164986028.47,2577906.69484375,4478542.62,51687194.330000006,1073176.89,0.0016602692299999993,4316699.997999998,6169520.1,100,1,none,240,False,"{'source': 'sysfs_cpufreq', 'nominal_ghz': 2.6, 'minimum_ghz': 0.8, 'maximum_ghz': 4.0}",0.0,1238.57,0.251142,0.251142,1.0,6.44861,/mlx_devbox/users/liuyicheng.1/playground/dpmd/experiments/scaling/cases/1344a_64r/in.lammps,/mlx_devbox/users/liuyicheng.1/playground/dpmd/experiments/scaling/cases/1344a_64r/wse_plan.json,median of repeated perf [run(N)-run(0)]/N; retired instructions are measured directly and wall-cycle bounds equal elapsed wall time times declared CPU frequency bounds,WSE compile PASS: messages=1792 stages=4 wavefronts=36 cycles=87149,WSE BookSim acceptance: PASS compiler=87149 measured=87156 error=0.0080% wavefronts=36/36 branches=896/896 congestion=0.0000% queue=0.000cyc sat_injection=100.0000% comm/compute=6.44861,0.36363636363636365,2.919214328347776,1.0034356606526935
lialocl_1344_256r,1344,256,16x16,1344 atoms / 256 ranks (16x16),0.0685388613276636,14.59026281775097,6963,101592,108555,108562,6.448344157339597e-05,3604230.721444604,7310294.025375498,42907.508588626224,87027.30982589885,11304960.0,18841600.0,1271908249.0300007,4968391.59777344,10884461.59,771116621.5300003,6288388.88,0.17999787989,467994487.714,8056881.190000001,100,1,none,240,True,"{'source': 'sysfs_cpufreq', 'nominal_ghz': 2.6, 'minimum_ghz': 0.8, 'maximum_ghz': 4.0}",0.0,1211.24,0.190974,0.190974,1.0,36.1342,/mlx_devbox/users/liuyicheng.1/playground/dpmd/experiments/scaling/cases/1344a_256r/in.lammps,/mlx_devbox/users/liuyicheng.1/playground/dpmd/experiments/scaling/cases/1344a_256r/wse_plan.json,median of repeated perf [run(N)-run(0)]/N; retired instructions are measured directly and wall-cycle bounds equal elapsed wall time times declared CPU frequency bounds,WSE compile PASS: messages=11560 stages=4 wavefronts=60 cycles=108555,WSE BookSim acceptance: PASS compiler=108555 measured=108562 error=0.0064% wavefronts=60/60 branches=3840/3840 congestion=0.0000% queue=0.000cyc sat_injection=100.0000% comm/compute=36.1342,0.18181818181818182,22.504770975726906,2.4387078192884357
lialocl_2688_16r,2688,16,4x4,2688 atoms / 16 ranks (4x4),1.5082522217520102,0.6630190796857464,74844,49623,124467,124474,5.623980653506552e-05,7208461.442889208,14620588.050751006,461255.717327732,935543.5806284127,1175040.0,1958400.0,98151790.32999998,6134486.895624999,7372542.74,34850699.52,2276313.44,0.00082132029,2135432.754,11643815.47,100,1,none,240,False,"{'source': 'sysfs_cpufreq', 'nominal_ghz': 2.6, 'minimum_ghz': 0.8, 'maximum_ghz': 4.0}",0.0,1293.0,0.222032,0.222032,1.0,0.625928,/mlx_devbox/users/liuyicheng.1/playground/dpmd/runs/pipeline/short_lialocl_2688a_16r_20260910_093912/in.lammps,/mlx_devbox/users/liuyicheng.1/playground/dpmd/runs/pipeline/short_lialocl_2688a_16r_20260910_093912/wse_plan.json,median of repeated perf [run(N)-run(0)]/N; retired instructions are measured directly and wall-cycle bounds equal elapsed wall time times declared CPU frequency bounds,WSE compile PASS: messages=192 stages=4 wavefronts=20 cycles=124467,WSE BookSim acceptance: PASS compiler=124467 measured=124474 error=0.0056% wavefronts=20/20 branches=192/192 congestion=0.0000% queue=0.000cyc sat_injection=100.0000% comm/compute=0.625928,1.9545454545454546,1.7366689491311846,1.6518481396079958
lialocl_2688_64r,2688,64,8x8,2688 atoms / 64 ranks (8x8),0.4326090044027837,2.3115561391989496,24368,56328,80696,80703,8.674531575294934e-05,7208461.44288921,14620588.05075101,150176.28006019178,304595.58439064596,3592704.0,5987840.0,235235066.79000002,3675547.9185937503,6080956.4,70061888.82,1345384.21,0.0023975335500000007,6233587.230000002,11805134.479999999,100,1,none,240,False,"{'source': 'sysfs_cpufreq', 'nominal_ghz': 2.6, 'minimum_ghz': 0.8, 'maximum_ghz': 4.0}",0.0,1176.48,0.305347,0.305347,1.0,2.76489,/mlx_devbox/users/liuyicheng.1/playground/dpmd/cases/wse_short_64/in.lammps,/mlx_devbox/users/liuyicheng.1/playground/dpmd/cases/wse_short_64/wse_plan.json,median of repeated perf [run(N)-run(0)]/N; retired instructions are measured directly and wall-cycle bounds equal elapsed wall time times declared CPU frequency bounds,WSE compile PASS: messages=1280 stages=4 wavefronts=28 cycles=80696,WSE BookSim acceptance: PASS compiler=80696 measured=80703 error=0.0087% wavefronts=28/28 branches=896/896 congestion=0.0000% queue=0.000cyc sat_injection=100.0000% comm/compute=2.76489,0.6363636363636364,4.162180178960302,1.3624629752064803
lialocl_2688_256r,2688,256,16x16,2688 atoms / 256 ranks (16x16),0.11422159225135838,8.754912099276112,8703,76194,84897,84904,8.245285463561728e-05,7208461.442889213,14620588.050750982,53634.38573578278,108784.13728237354,11974656.0,19957760.0,2159054343.9,8433806.030859375,16399613.55,1272719461.4799993,9058566.84,0.2659986767400002,691596559.5240005,14315483.489999998,100,1,none,240,True,"{'source': 'sysfs_cpufreq', 'nominal_ghz': 2.6, 'minimum_ghz': 0.8, 'maximum_ghz': 4.0}",0.0,1141.8,0.258532,0.258532,1.0,13.8519,/mlx_devbox/users/liuyicheng.1/playground/dpmd/cases/wse_short_256/in.lammps,/mlx_devbox/users/liuyicheng.1/playground/dpmd/cases/wse_short_256/wse_plan.json,median of repeated perf [run(N)-run(0)]/N; retired instructions are measured directly and wall-cycle bounds equal elapsed wall time times declared CPU frequency bounds,WSE compile PASS: messages=10032 stages=4 wavefronts=48 cycles=84897,WSE BookSim acceptance: PASS compiler=84897 measured=84904 error=0.0082% wavefronts=48/48 branches=3840/3840 congestion=0.0000% queue=0.000cyc sat_injection=100.0000% comm/compute=13.8519,0.22727272727272724,38.201673407396655,3.674400012072033
lialocl_5376_16r,5376,16,4x4,5376 atoms / 16 ranks (4x4),2.768738400939287,0.36117532796191676,146206,52806,199012,199019,3.517375836632967e-05,14416922.885778416,29241176.101502005,901057.6803611508,1827573.5063438758,1333248.0,2222080.0,197453380.3633333,12340836.272708332,13372530.053333333,69596557.44333333,4387285.426666667,0.0015121446033333334,3931575.9686666667,26052794.599999998,300,1,none,240,False,"{'source': 'sysfs_cpufreq', 'nominal_ghz': 2.6, 'minimum_ghz': 0.8, 'maximum_ghz': 4.0}",0.0,1565.2,0.157015,0.157015,1.0,0.31046,/mlx_devbox/users/liuyicheng.1/playground/dpmd/experiments/scaling/cases/5376a_16r/in.lammps,/mlx_devbox/users/liuyicheng.1/playground/dpmd/experiments/scaling/cases/5376a_16r/wse_plan.json,median of repeated perf [run(N)-run(0)]/N; retired instructions are measured directly and wall-cycle bounds equal elapsed wall time times declared CPU frequency bounds,WSE compile PASS: messages=128 stages=4 wavefronts=16 cycles=199012,WSE BookSim acceptance: PASS compiler=199012 measured=199019 error=0.0035% wavefronts=16/16 branches=192/192 congestion=0.0000% queue=0.000cyc sat_injection=100.0000% comm/compute=0.31046,3.8181818181818183,3.4936821164960428,2.9961696621443634
lialocl_5376_64r,5376,64,8x8,5376 atoms / 64 ranks (8x8),0.648001489152875,1.5432063301386676,38293,59094,97387,97394,7.187817675870495e-05,14416922.885778422,29241176.10150199,235991.29723744423,478650.20404244366,4008960.0,6681600.0,352690688.6933331,5510792.0108333295,7246958.38,114045780.08666664,2013834.2833333334,0.002799237406666667,7278017.257333334,25620174.193333324,300,1,none,240,False,"{'source': 'sysfs_cpufreq', 'nominal_ghz': 2.6, 'minimum_ghz': 0.8, 'maximum_ghz': 4.0}",0.0,1363.07,0.282342,0.282342,1.0,1.29971,/mlx_devbox/users/liuyicheng.1/playground/dpmd/experiments/scaling/cases/5376a_64r/in.lammps,/mlx_devbox/users/liuyicheng.1/playground/dpmd/experiments/scaling/cases/5376a_64r/wse_plan.json,median of repeated perf [run(N)-run(0)]/N; retired instructions are measured directly and wall-cycle bounds equal elapsed wall time times declared CPU frequency bounds,WSE compile PASS: messages=1024 stages=4 wavefronts=24 cycles=97387,WSE BookSim acceptance: PASS compiler=97387 measured=97394 error=0.0072% wavefronts=24/24 branches=896/896 congestion=0.0000% queue=0.000cyc sat_injection=100.0000% comm/compute=1.29971,1.0,6.240405454063251,1.6237104537720963
lialocl_5376_256r,5376,256,16x16,5376 atoms / 256 ranks (16x16),0.18659216379911026,5.359281867145422,13925,74628,88553,88560,7.904870529513399e-05,14416922.885778395,29241176.101502035,85815.01717725245,174054.6196517977,12776448.0,21294080.0,1010003553.05,3945326.3791015623,6353984.326666667,626842367.0333332,3606328.6066666665,0.07935005903666668,206310153.49533337,27629693.973333318,300,1,none,240,True,"{'source': 'sysfs_cpufreq', 'nominal_ghz': 2.6, 'minimum_ghz': 0.8, 'maximum_ghz': 4.0}",0.0,1237.39,0.264466,0.264466,1.0,6.68241,/mlx_devbox/users/liuyicheng.1/playground/dpmd/experiments/scaling/cases/5376a_256r/in.lammps,/mlx_devbox/users/liuyicheng.1/playground/dpmd/experiments/scaling/cases/5376a_256r/wse_plan.json,median of repeated perf [run(N)-run(0)]/N; retired instructions are measured directly and wall-cycle bounds equal elapsed wall time times declared CPU frequency bounds,WSE compile PASS: messages=7168 stages=4 wavefronts=36 cycles=88553,WSE BookSim acceptance: PASS compiler=88553 measured=88560 error=0.0079% wavefronts=36/36 branches=3840/3840 congestion=0.0000% queue=0.000cyc sat_injection=100.0000% comm/compute=6.68241,0.36363636363636365,17.87070621123439,1.4236359908986702
